_id,created_at,friends,id,password,premium,total_score,username
69365cfe04c30bdac78d3c9f,2025-12-08T05:07:10.893298+00:00,[],02d648a1-2aa0-4cce-be8f-f4a8f5f00a88,$2b$12$z7Y2RdlHc0zQMKsKeKUUP.m9HspDHMJ/hQ/1LJAhiyyxCMOERrM46,True,988,test
693713cb824ee4b9f9eaa8e3,2025-12-08T18:07:07.576591+00:00,[],dd3cd5ac-84f6-4fcb-bb51-e47f6fe67dd7,$2b$12$STRd5JWMXraOr5EPlu31r.ZSZ.Cjm36JT6U8amLwfuHMtk1fyrOi6,False,0,test2
693720020b760892563706a6,2025-12-08T18:59:14.676486+00:00,[],a7f01262-9743-48d2-bf05-bd199a73a539,$2b$12$PKt2UgbGC.MCqiYk30FY8eCxvCl6Kg5qqYjIU3jzF5G7h.F5sbCWK,False,0,test3
693721520b760892563706a9,2025-12-08T19:04:50.145401+00:00,[],89aab688-468f-43c8-bd23-4d8cd105159c,$2b$12$BuJvHw6Zr2cEjZO3./q8S.0jygzVzdXjfXyQ46.3fRup8sEyPXLc6,False,0,test4
693722380b760892563706ac,2025-12-08T19:08:40.451009+00:00,[],c44b947c-a0cd-4e30-86b1-9b0f143ca392,$2b$12$d1hAhZtbSTIo8jopDihLtOUsM7z.rBsMLF3MjPxjskIpwgepN6bmO,False,0,test5
693722a70b760892563706af,2025-12-08T19:10:31.731017+00:00,[],50b3d0f4-3518-465a-83ae-1debe9808afb,$2b$12$s6tXDZb2oiuvlCU1slbINebZT//uY.jiYOQOowIoX5CrtMn6WftOC,False,0,test6
6937236c0b760892563706b2,2025-12-08T19:13:48.124938+00:00,[],09f85c24-68f2-41b3-929c-1c130da72226,$2b$12$4otT9jGMU7Rwkcxa5Td4x.X8gEbdk98CgKiBR0/tPt1mMMGXfEoRG,False,0,test7
693726f50b760892563706b5,2025-12-08T19:28:53.473727+00:00,[],23c2a896-c803-42f5-baf9-d864b7dfce80,$2b$12$xBIBWaTauYn8nYNKRmnWu.n7KA5QTmDgNwo5imDX6RpasYAX0/uey,False,0,test8
693735910b760892563706b6,2025-12-08T20:31:13.210537+00:00,[],2ffe7434-bc38-4bd7-82ff-62ab3330dc20,$2b$12$3ZrTxmSlhi/5OMdkET.suOugNu4hAUbCydwqcerwr0YvGOp3Dqgo6,False,0,test9
69373dc60b760892563706b7,2025-12-08T21:06:14.017312+00:00,[],182d61b4-f2ce-455b-bebe-d38eb267bc35,$2b$12$2mM6mr/AMgmxFio/J9lwHOyP0ns4ofwDGOdDSyoRv6ljG2TLGoMsy,False,0,test10
69373f8ebbed659c094665a1,2025-12-08T21:13:50.518880+00:00,[],f372d5c5-5fe2-425a-930c-81b3767c801d,$2b$12$8CCx.BalPlnkcI89WO3/Du0D61ipSOZILmcCEhqT8ns3ahFpuAzA.,True,0,test_stack_1
69373fe9bbed659c094665a7,2025-12-08T21:15:21.021654+00:00,[],10ca8145-17d8-4448-9b3c-d70e7039aec4,$2b$12$e0vc88VNyjo0iegFVbH6t.M61ntkW9OK.7p1ZYf82J8p58TokFxlq,False,0,teast11
69374477bbed659c094665a9,2025-12-08T21:34:47.983296+00:00,[],8daa7763-456d-46a8-bfc5-5884b9b54435,$2b$12$iS2nf0cgNhqnaEkwM6hpe.TLNahV.PEt0vs47ihY8C93iCCixhvFW,False,1562,test12
69374546bbed659c094665af,2025-12-08T21:38:14.596934+00:00,[],a3b8810f-6faf-4307-8438-ab8a7b1eacf5,$2b$12$c1/LcoH.4gIRePXWiwPocuxisba6/0Tswzppzh3EBz/KUYA.n1ipG,False,442,test13
693746b1bbed659c094665b1,2025-12-08T21:44:17.834483+00:00,[],fe1e286a-215a-40f6-89e6-b2becab01900,$2b$12$my0u7hyrzbxSOnvJBrx5UOTCrm5eX4a5YIrT9cG.NBv8m/s/bvYsO,False,0,test14
693746f2bbed659c094665b3,2025-12-08T21:45:22.636484+00:00,[],424b786a-901b-4971-a02d-7b4ed89521bd,$2b$12$jUHpCNfVTQ/T9CgKfkPqkuoBYfSfVvFE4mMBEWojEhXvFGZmAE4li,False,0,teat14
693747bdbbed659c094665b8,2025-12-08T21:48:45.002661+00:00,[],019e01ab-5944-42e3-8bf4-d8b75c76c07a,$2b$12$jUIClP1LsNoavnZu2lhcROI0iWNERyqOwc4HoRZ1zzDK8lPfCJpve,True,816,test15
6938b0df4a00f1f2b0db9f12,2025-12-09T23:29:35.049744+00:00,[],cd41a531-99f8-4dc0-ac8a-5fc501715120,$2b$12$XRce5y4iN0xKlHUUq5HtUunNeYQnK3e81ZZkaklv9Bqr5SxhmQsPm,False,0,test16
6938dbae91faefbc812003ae,2025-12-10T02:32:14.700545+00:00,[],a505b6a6-b757-4ddc-8edd-a3aa0e86c0fa,$2b$12$zl0xbBxdv6q8dY..N59Mv.kIrIm.Lk82u.1s2rjFGTbnyH5SmQROy,False,0,test17
6938dc22ff32f93125a4e477,2025-12-10T02:34:10.097891+00:00,[],dcf77969-070a-43bd-9a70-28c121db85e7,$2b$12$XmqklhkOU00AOkdx.o73hutQlrYPfa3I2Yjoy3SXt4L8RgVxI10Je,False,0,test18
6938e069319fb8db7613fbe1,2025-12-10T02:52:25.293394+00:00,[],784ebb8e-9514-4ea0-b034-96baf405157d,$2b$12$nc0DfUdT1Qk0lSWhu4Jys.fbQvZFZD2.940kFxDNp5Mayxx4is5T2,False,0,test19
6938f75f5262c1684b7fb372,2025-12-10T04:30:23.164658+00:00,[],0aeed198-aa20-433f-bab3-df58c93df7df,$2b$12$6U5FKlsUtdn3ic3V9NUvkeQewOu1jnrLy5AGMBewlF3.RUFrz3YEe,False,0,test20
6939c382939659893de9ce7c,2025-12-10T19:01:22.964940+00:00,[],dc5c29ac-59ac-48be-8156-5cfe3aa899f8,$2b$12$JL.ycrZxq/V.QXpVuloUY.oU8y/0gDHm3ae9x9rnm7FYuxu8ufYMy,False,0,test21
6939cd5d408952f7f2e101cc,2025-12-10T19:43:25.851470+00:00,[],fd91d038-ec91-4bf7-b61b-6c6a698c1a75,$2b$12$PNkvz2Ofy66jwx0NNrpBnub3xUzEyJqgBMcsXff88E8wAyh8xmkye,False,0,test22
6939cedb9f81cc9802e196c0,2025-12-10T19:49:47.257275+00:00,[],5b08672b-71db-48c5-8d1f-099667e20985,$2b$12$wcijctOreMpkiWTZ./v.9Ooy/CItW8E1Do.gTC1Si487sN3sQqaNC,False,0,test23
6939cf40abdcfd101dc81a17,2025-12-10T19:51:28.097101+00:00,[],3d4cf6d0-90aa-4c4a-b27c-7ddfad5b31cb,$2b$12$Ra3VFscyMopaMSiZcax/5.yuRDfWKL8gsj.KYYjTELE1KJkzVIuBK,False,0,test24
6939d0ccbe0cd418f2f1fe4d,2025-12-10T19:58:04.318178+00:00,[],788c205c-0b7e-4388-b3d1-312b443d4033,$2b$12$Tb30OjCHMstb/rqCVy1Y/O17AD195CSClhK5WSw0fG4bUeBEv9wG6,False,0,test25
6939d2a79eb59fa813f8c9d4,2025-12-10T20:05:59.215739+00:00,[],af46a5bf-9f7c-42ba-b7f0-f769d6b67b31,$2b$12$PY2hPhvvv0Zk9ql6uWVmfOAC70w5Lp8RLzpgbPDedP6hiOg1TQVwS,False,0,test26
6939d3b99eb59fa813f8c9d6,2025-12-10T20:10:33.921435+00:00,[],148dfa33-799c-470f-9112-6c460c3aeb6d,$2b$12$WqGcSCsMq7zz/LQaXRv8h.gv6tH.ECRug3jnaEAmLHZ2bQfoERBhS,False,0,test27
6939d50e9b339e7e04ef1848,2025-12-10T20:16:14.164760+00:00,[],d710175f-b888-406d-b997-2a8fa63f12c4,$2b$12$zW2i1axps7sNWEUS1VmWB.EjFIc72UvkMvIgM0vJMYEmNSH4CKfdy,False,0,test28
6939d5f89aa6c47440e740e3,2025-12-10T20:20:08.154726+00:00,[],b2b61923-103a-4386-adb5-6d41ff714eb8,$2b$12$rulpv.Jm5EKXNv3eBBZwTeYNJszuwHNyh8QicrgIMVzSWslorspZq,False,0,test29
6939daac9629f29812619525,2025-12-10T20:40:12.835711+00:00,[],f456c196-dda6-44db-9ecf-b92bf8eea67e,$2b$12$STo5k3p7JNhHLh7OImddI.iEH/GFZsHfhv/B/IUArscjqSqOTWqJG,False,0,test30
6939dbe71270979c55afb6d1,2025-12-10T20:45:27.891786+00:00,[],4e5913df-3da4-4680-9424-7aa0012366d0,$2b$12$2gZ1b2usLUpcvtKdfi72H.Exp3A0MLgoFnmzjjbofWaUhUisw5QwC,False,0,test31
6939dd566579d138eb2f5185,2025-12-10T20:51:34.855775+00:00,[],04ca5a4e-981a-4eb7-92b6-48faae437c6f,$2b$12$fg5PLCMSsmVh6SocWKbMb.zPrnxGICboFkzgYVdv98ftnk4q/eyCy,False,0,test32
6939df2e53b6d78dab2e9b06,2025-12-10T20:59:26.161354+00:00,[],6a1b5cfe-9f3e-4761-8104-8567f0814838,$2b$12$csK3BBsITEUJqFO6CciwCujVWruzPNELLJVkZKQpZEy3NynMA5Ep.,False,0,test33
6939e63c2d6d45d296c0645f,2025-12-10T21:29:32.419084+00:00,[],5ae27723-1213-461e-a16d-c4b23cb358fe,$2b$12$NhKa2muB0fypDj5/k1.KReg7kuh82BgMjoHMqOFJiVEtaYhJDIshG,False,0,test34
6939ea68c825fc0e560ad0c1,2025-12-10T21:47:20.079824+00:00,[],93aff765-d009-48ab-a86b-f975ed953d86,$2b$12$/8Ctxq/BAMTrSVOB4NwJM.A5Wn7Ov1/CBOYskwUmElznncU3w4fii,False,0,test35
6939f004588ebdd56579d36a,2025-12-10T22:11:16.756020+00:00,[],eac9bded-f17c-443a-a89f-12dc4bc6884f,$2b$12$rOi1ThoktDvG2qnieQEtb.btNFa38ZSHraGPi5aID6KfyHsGuqpvO,False,0,test39
6939f014588ebdd56579d36c,2025-12-10T22:11:32.285860+00:00,[],29a3aaea-615e-4e2f-90be-c4f99177e854,$2b$12$vB2ksMpgOeF1A6T34rm1LeaaXJI8Tk2ZMPlKfsLtffLcMpJEwPuwC,False,0,test40
693a1260659e6cb580470fe2,2025-12-11T00:37:52.449050+00:00,[],6b4ddc7d-1bf7-40ec-be1d-ff7ba5ea4819,$2b$12$lSKnxyPAcPXvdwsS6spjaOjeg5lY8I8jp5NTX760pfcv05rgm.ZGe,False,0,test42
693a2fd8659e6cb580470fe3,2025-12-11T02:43:36.707194+00:00,[],897f8eae-793c-476d-bfab-6737b04e2abe,$2b$12$BJnHT0YoR03hX4S79jW5M.X.hBEYIchBpm1HnIDQVjFOOMhseEesK,False,0,test43
693a311afc9f8eb80b06af3f,2025-12-11T02:48:58.672684+00:00,[],91d7d9ca-e2cb-44ad-8e0c-492ebc74b504,$2b$12$pql5z/EhSWjdLD/dXlHGmuZ4FHo1iUF1o3HxXT6Uc0qNRw3fuH7Za,False,0,test44
693a3167fc9f8eb80b06af42,2025-12-11T02:50:15.314324+00:00,[],8278d365-dd80-4d19-9159-3600cd7edfe4,$2b$12$KMPZUqtOwGr58pjvAsLmH.8XVSQuZtxfZ7EndoCLoP5ppda.E1cku,False,210,test46
693a3438fc9f8eb80b06af49,2025-12-11T03:02:16.555727+00:00,[],d2231f92-257d-4604-87f7-4256ab953886,$2b$12$bFG4AiuSJTWlk4HrnL/y3.8TOL/RywKABdi5FHsstZm.jP9afifT6,False,0,test45
693a34c0fc9f8eb80b06af4d,2025-12-11T03:04:32.211482+00:00,[],bbbe19d7-25b2-4cfa-a49b-414237b30555,$2b$12$Vg9kteDxfdhGmRPzr8IHX.YEMcM6GVVMG1soSgzk1vLynmbb.SKK2,False,0,test47
693a353b7a52f1d82467e52b,2025-12-11T03:06:35.943818+00:00,[],c3faa559-b634-42f3-8220-c1bdc7311029,$2b$12$4UZDQH1z2m6MLFn7G33ICOxQnfH6arE1Ynsyh9WQWpp9LgqaMChv.,False,210,test48
693a466635d1d49988dce706,2025-12-11T04:19:50.124404+00:00,[],557f9e34-3eb2-414a-829f-66983fae3610,$2b$12$K3Q.a7ek9.Nm2KJ0SeCB5uqlmEQqgJoCd5GSI1oPpvRI.r3EwrooC,False,0,test49
